accuracy,precision_macro,recall_macro,f1_macro,precision_weighted,recall_weighted,f1_weighted,variant
0.5431506849315069,0.1758700238634049,0.2724074074074074,0.20853269762945348,0.3437170865752329,0.5431506849315069,0.4091059752371824,old_stump
0.9184931506849315,0.881273460413267,0.8511119965239013,0.8627369734978216,0.9154040026805792,0.9184931506849315,0.9159779105818585,new_depth3
0.9232876712328767,0.860800064962801,0.8904235278338092,0.8726882495626335,0.9286765104663669,0.9232876712328767,0.9251980600016575,new_tuned
