accuracy,precision_macro,recall_macro,f1_macro,precision_weighted,recall_weighted,f1_weighted,classifier
0.9191780821917809,0.8767915023523735,0.8102982555285438,0.8238506886779969,0.9146843696353194,0.9191780821917809,0.9114311110001945,kNN
0.9376712328767123,0.9207578751109547,0.8645608535613046,0.8741885629735687,0.9369976041000804,0.9376712328767123,0.9307198573125743,SVM
0.9328767123287671,0.9488456112607638,0.8349461162687616,0.8460052846352687,0.9402932192540681,0.9328767123287671,0.9225345657318171,MLP
0.9376712328767123,0.9336257879953209,0.8604086916963769,0.8776972014732672,0.939327816255034,0.9376712328767123,0.9321656405030511,RandomForest
0.5431506849315069,0.1758700238634049,0.2724074074074074,0.20853269762945348,0.3437170865752329,0.5431506849315069,0.4091059752371824,AdaBoost
0.7890410958904109,0.6676905856363324,0.619012664344925,0.6128943319739089,0.7716224015636771,0.7890410958904109,0.7499583410337423,MQ
