classifier,powers_only,powers_plus_wl,delta_wl
AdaBoost,0.9727397260273973,0.981095890410959,0.008356164383561682
MLP,0.9648630136986303,0.9780136986301369,0.013150684931506618
MQ,0.9217808219178082,0.9372374429223743,0.015456621004566129
RandomForest,0.9731506849315069,0.9813698630136987,0.008219178082191747
SVM,0.9739041095890411,0.974269406392694,0.00036529680365293693
kNN,0.9641780821917807,0.9421004566210044,-0.022077625570776305
