classifier,jaccard_mean,jaccard_std,exact_mean,exact_std,f1_micro_mean,f1_macro_mean,hamming_mean,set_recall_mean,precision_micro_mean,recall_micro_mean,precision_macro_mean,recall_macro_mean
SVM,0.9739041095890411,0.002768682593343483,0.9347602739726029,0.006921706483358805,0.9836900684931507,0.9775945438215576,0.010036880927291885,0.9836900684931507,0.9836900684931507,0.9836900684931507,0.9759360279998806,0.980521275165418
RandomForest,0.973013698630137,0.001942116010788673,0.9325342465753425,0.004855290026971851,0.9831335616438356,0.975873049823228,0.010379346680716545,0.9831335616438356,0.9831335616438356,0.9831335616438356,0.9744111899142901,0.9783353763711176
AdaBoost,0.9726712328767123,0.0036590987367651658,0.9316780821917808,0.009147746841913065,0.9829195205479453,0.9755485239975219,0.010511064278187567,0.9829195205479453,0.9829195205479453,0.9829195205479453,0.9742938261334411,0.9778892027085433
MLP,0.96486301369863,0.005870466393757962,0.9121575342465753,0.014676165984394609,0.9780393835616439,0.9691313351420613,0.01351422550052687,0.9780393835616439,0.9780393835616439,0.9780393835616439,0.9684327946423966,0.9712171572473178
kNN,0.9641780821917807,0.0022778478285365037,0.9104452054794521,0.005694619571341051,0.9776113013698631,0.9689669275840117,0.013777660695468916,0.9776113013698631,0.9776113013698631,0.9776113013698631,0.9683507361068047,0.9706831593371394
MQ,0.9217808219178082,0.004737869266176352,0.8051369863013699,0.012127350143579307,0.951027397260274,0.8590017008739304,0.03013698630136986,0.951027397260274,0.951027397260274,0.951027397260274,0.8696381418544654,0.8574219142561847
