bin,n,accuracy,f1_weighted
"(1516.558, 1528.139]",800,0.96,0.9584718454575524
"(1528.139, 1530.087]",707,0.9264497878359265,0.9266545469877998
"(1530.087, 1531.694]",727,0.9408528198074277,0.941477078089543
"(1531.694, 1533.535]",726,0.9958677685950413,0.9959561538653029
"(1533.535, 1547.017]",734,0.9591280653950953,0.9557102091721229
"(1547.017, 1548.307]",704,0.9488636363636364,0.9239663397826664
"(1548.307, 1564.086]",799,0.867334167709637,0.8455966013822537
"(1564.086, 1580.189]",643,0.8709175738724728,0.8316548448066421
