strategy,repeat,fold,n_train,n_test,lambda_mean_train,lambda_mean_test,test_pos_fbg0,test_pos_fbg1,test_pos_fbg2,test_pos_fbg3,test_pos_fbg4,test_pos_fbg5,test_pos_fbg6,test_pos_fbg7,test_pos_fbg8,test_pos_fbg9,test_pos_fbg10,test_pos_fbg11,test_pos_fbg12
A_StratifiedKFold,0,0,4672,1168,1541.5399695059934,1541.541184594178,82,300,619,634,786,665,386,473,283,203,163,61,17
A_StratifiedKFold,0,1,4672,1168,1541.5459773923376,1541.5171530488014,78,268,616,634,801,699,388,474,273,201,164,60,16
A_StratifiedKFold,0,2,4672,1168,1541.5394878347604,1541.5431112791098,80,276,617,636,797,680,380,475,274,212,171,57,17
A_StratifiedKFold,0,3,4672,1168,1541.5647547722604,1541.4420435291097,90,290,620,631,783,671,384,482,283,207,164,55,12
A_StratifiedKFold,0,4,4672,1168,1541.5108731127996,1541.6575701669524,86,284,621,629,780,670,370,476,283,214,177,63,19
