hamming_loss,precision_micro,recall_micro,f1_micro,precision_macro,recall_macro,f1_macro,exact_match,jaccard_samples,set_recall,mean_pred_positives,classifier
0.009483667017913594,0.9845890410958904,0.9845890410958904,0.9845890410958904,0.9804415027135989,0.9773706714675653,0.9784327169348129,0.9383561643835616,0.9753424657534246,0.9845890410958904,4.0,SVM
0.009905163329820865,0.9839041095890411,0.9839041095890411,0.9839041095890411,0.9784176421867716,0.9768271746153154,0.9773147096869305,0.9356164383561644,0.9742465753424658,0.9839041095890411,4.0,RandomForest
0.010115911485774499,0.9835616438356164,0.9835616438356164,0.9835616438356164,0.9799163136517751,0.9775267235689238,0.9781452500221397,0.9342465753424658,0.9736986301369862,0.9835616438356164,4.0,MLP
0.010221285563751317,0.9833904109589041,0.9833904109589041,0.9833904109589041,0.9763462089279715,0.9786029296409781,0.9770979612857883,0.9335616438356165,0.9734246575342465,0.9833904109589041,4.0,AdaBoost
0.012644889357218124,0.9794520547945206,0.9794520547945206,0.9794520547945206,0.9732437576318493,0.9675404766872038,0.9702432885737055,0.9178082191780822,0.9671232876712329,0.9794520547945206,4.0,kNN
0.025922023182297155,0.9578767123287671,0.9578767123287671,0.9578767123287671,0.8773493379521352,0.8677393410671119,0.8692455526272167,0.8315068493150685,0.9326027397260274,0.9578767123287671,4.0,MQ
